ID;Slovo;LEMMA;CPOSTAG;FEATS;HEAD;DEPREL;PHEAD;PDEPREL
34;34;34;34;34;34;34;34;34
241;241;241;241;241;241;241;241;241
945;945;945;945;945;945;945;945;945
1;1;1;1;1;1;1;1;1
210;210;210;210;210;210;210;210;210
1;1;1;1;1;1;1;1;1
14;14;14;14;14;14;14;14;14
3;3;3;3;3;3;3;3;3
6;6;6;6;6;6;6;6;6
230;230;230;230;230;230;230;230;230
1;1;1;1;1;1;1;1;1
4;4;4;4;4;4;4;4;4
5;5;5;5;5;5;5;5;5
6;6;6;6;6;6;6;6;6
18;18;18;18;18;18;18;18;18
1;1;1;1;1;1;1;1;1
207;207;207;207;207;207;207;207;207
1;1;1;1;1;1;1;1;1
67;67;67;67;67;67;67;67;67
1;1;1;1;1;1;1;1;1
3;3;3;3;3;3;3;3;3
62;62;62;62;62;62;62;62;62
1;1;1;1;1;1;1;1;1
1;1;1;1;1;1;1;1;1
1;1;1;1;1;1;1;1;1
1;1;1;1;1;1;1;1;1
640;640;640;640;640;640;640;640;640
2;2;2;2;2;2;2;2;2
54;54;54;54;54;54;54;54;54
13;13;13;13;13;13;13;13;13
14;14;14;14;14;14;14;14;14
476;476;476;476;476;476;476;476;476
2;2;2;2;2;2;2;2;2
59;59;59;59;59;59;59;59;59
1;1;1;1;1;1;1;1;1
1;1;1;1;1;1;1;1;1
2;2;2;2;2;2;2;2;2
1;1;1;1;1;1;1;1;1
51;51;51;51;51;51;51;51;51
2;2;2;2;2;2;2;2;2
3;3;3;3;3;3;3;3;3
508;508;508;508;508;508;508;508;508
10;10;10;10;10;10;10;10;10
15;15;15;15;15;15;15;15;15
6;6;6;6;6;6;6;6;6
203;203;203;203;203;203;203;203;203
23;23;23;23;23;23;23;23;23
2;2;2;2;2;2;2;2;2
150;150;150;150;150;150;150;150;150
4;4;4;4;4;4;4;4;4
1;1;1;1;1;1;1;1;1
6;6;6;6;6;6;6;6;6
145;145;145;145;145;145;145;145;145
1;1;1;1;1;1;1;1;1
3;3;3;3;3;3;3;3;3
5;5;5;5;5;5;5;5;5
175;175;175;175;175;175;175;175;175
1;1;1;1;1;1;1;1;1
2;2;2;2;2;2;2;2;2
3;3;3;3;3;3;3;3;3
25;25;25;25;25;25;25;25;25
155;155;155;155;155;155;155;155;155
4;4;4;4;4;4;4;4;4
4;4;4;4;4;4;4;4;4
59;59;59;59;59;59;59;59;59
1;1;1;1;1;1;1;1;1
1;1;1;1;1;1;1;1;1
1;1;1;1;1;1;1;1;1
2;2;2;2;2;2;2;2;2
59;59;59;59;59;59;59;59;59
1;1;1;1;1;1;1;1;1
2;2;2;2;2;2;2;2;2
413;413;413;413;413;413;413;413;413
28;28;28;28;28;28;28;28;28
10;10;10;10;10;10;10;10;10
8;8;8;8;8;8;8;8;8
1;1;1;1;1;1;1;1;1
1;1;1;1;1;1;1;1;1
301;301;301;301;301;301;301;301;301
29;29;29;29;29;29;29;29;29
3;3;3;3;3;3;3;3;3
3;3;3;3;3;3;3;3;3
24;24;24;24;24;24;24;24;24
1;1;1;1;1;1;1;1;1
1;1;1;1;1;1;1;1;1
1;1;1;1;1;1;1;1;1
386;386;386;386;386;386;386;386;386
9;9;9;9;9;9;9;9;9
14;14;14;14;14;14;14;14;14
6;6;6;6;6;6;6;6;6
120;120;120;120;120;120;120;120;120
11;11;11;11;11;11;11;11;11
2;2;2;2;2;2;2;2;2
1;1;1;1;1;1;1;1;1
166;166;166;166;166;166;166;166;166
1;1;1;1;1;1;1;1;1
4;4;4;4;4;4;4;4;4
9;9;9;9;9;9;9;9;9
1;1;1;1;1;1;1;1;1
109;109;109;109;109;109;109;109;109
3;3;3;3;3;3;3;3;3
9;9;9;9;9;9;9;9;9
1;1;1;1;1;1;1;1;1
72;72;72;72;72;72;72;72;72
1;1;1;1;1;1;1;1;1
2;2;2;2;2;2;2;2;2
2;2;2;2;2;2;2;2;2
10;10;10;10;10;10;10;10;10
1;1;1;1;1;1;1;1;1
1;1;1;1;1;1;1;1;1
21;21;21;21;21;21;21;21;21
1;1;1;1;1;1;1;1;1
1;1;1;1;1;1;1;1;1
4;4;4;4;4;4;4;4;4
18;18;18;18;18;18;18;18;18
2;2;2;2;2;2;2;2;2
1;1;1;1;1;1;1;1;1
302;302;302;302;302;302;302;302;302
1;1;1;1;1;1;1;1;1
10;10;10;10;10;10;10;10;10
5;5;5;5;5;5;5;5;5
1;1;1;1;1;1;1;1;1
11;11;11;11;11;11;11;11;11
1;1;1;1;1;1;1;1;1
72;72;72;72;72;72;72;72;72
2;2;2;2;2;2;2;2;2
2;2;2;2;2;2;2;2;2
1;1;1;1;1;1;1;1;1
1;1;1;1;1;1;1;1;1
12;12;12;12;12;12;12;12;12
63;63;63;63;63;63;63;63;63
1;1;1;1;1;1;1;1;1
5;5;5;5;5;5;5;5;5
4;4;4;4;4;4;4;4;4
47;47;47;47;47;47;47;47;47
1;1;1;1;1;1;1;1;1
2;2;2;2;2;2;2;2;2
5;5;5;5;5;5;5;5;5
60;60;60;60;60;60;60;60;60
1;1;1;1;1;1;1;1;1
3;3;3;3;3;3;3;3;3
56;56;56;56;56;56;56;56;56
1;1;1;1;1;1;1;1;1
5;5;5;5;5;5;5;5;5
56;56;56;56;56;56;56;56;56
1;1;1;1;1;1;1;1;1
1;1;1;1;1;1;1;1;1
17;17;17;17;17;17;17;17;17
1;1;1;1;1;1;1;1;1
19;19;19;19;19;19;19;19;19
371;371;371;371;371;371;371;371;371
3;3;3;3;3;3;3;3;3
14;14;14;14;14;14;14;14;14
14;14;14;14;14;14;14;14;14
8;8;8;8;8;8;8;8;8
1;1;1;1;1;1;1;1;1
230;230;230;230;230;230;230;230;230
6;6;6;6;6;6;6;6;6
2;2;2;2;2;2;2;2;2
1;1;1;1;1;1;1;1;1
13;13;13;13;13;13;13;13;13
2;2;2;2;2;2;2;2;2
241;241;241;241;241;241;241;241;241
2;2;2;2;2;2;2;2;2
4;4;4;4;4;4;4;4;4
9;9;9;9;9;9;9;9;9
18;18;18;18;18;18;18;18;18
83;83;83;83;83;83;83;83;83
5;5;5;5;5;5;5;5;5
2;2;2;2;2;2;2;2;2
85;85;85;85;85;85;85;85;85
8;8;8;8;8;8;8;8;8
1;1;1;1;1;1;1;1;1
1;1;1;1;1;1;1;1;1
8;8;8;8;8;8;8;8;8
3;3;3;3;3;3;3;3;3
3;3;3;3;3;3;3;3;3
1;1;1;1;1;1;1;1;1
1;1;1;1;1;1;1;1;1
2;2;2;2;2;2;2;2;2
3;3;3;3;3;3;3;3;3
1;1;1;1;1;1;1;1;1
6;6;6;6;6;6;6;6;6
43;43;43;43;43;43;43;43;43
5;5;5;5;5;5;5;5;5
41;41;41;41;41;41;41;41;41
1;1;1;1;1;1;1;1;1
2;2;2;2;2;2;2;2;2
7;7;7;7;7;7;7;7;7
4;4;4;4;4;4;4;4;4
27;27;27;27;27;27;27;27;27
1;1;1;1;1;1;1;1;1
6;6;6;6;6;6;6;6;6
2;2;2;2;2;2;2;2;2
8;8;8;8;8;8;8;8;8
1;1;1;1;1;1;1;1;1
3;3;3;3;3;3;3;3;3
2;2;2;2;2;2;2;2;2
1;1;1;1;1;1;1;1;1
2;2;2;2;2;2;2;2;2
2;2;2;2;2;2;2;2;2
2;2;2;2;2;2;2;2;2
4;4;4;4;4;4;4;4;4
9;9;9;9;9;9;9;9;9
21;21;21;21;21;21;21;21;21
13;13;13;13;13;13;13;13;13
6;6;6;6;6;6;6;6;6
17;17;17;17;17;17;17;17;17
6;6;6;6;6;6;6;6;6
1;1;1;1;1;1;1;1;1
2;2;2;2;2;2;2;2;2
1;1;1;1;1;1;1;1;1
7;7;7;7;7;7;7;7;7
1;1;1;1;1;1;1;1;1
1;1;1;1;1;1;1;1;1
1;1;1;1;1;1;1;1;1
2;2;2;2;2;2;2;2;2
2;2;2;2;2;2;2;2;2
3;3;3;3;3;3;3;3;3
1;1;1;1;1;1;1;1;1
2;2;2;2;2;2;2;2;2
3;3;3;3;3;3;3;3;3
10;10;10;10;10;10;10;10;10
3;3;3;3;3;3;3;3;3
2;2;2;2;2;2;2;2;2
1;1;1;1;1;1;1;1;1
1;1;1;1;1;1;1;1;1
2;2;2;2;2;2;2;2;2
1;1;1;1;1;1;1;1;1
5;5;5;5;5;5;5;5;5
2;2;2;2;2;2;2;2;2
3;3;3;3;3;3;3;3;3
1;1;1;1;1;1;1;1;1
2;2;2;2;2;2;2;2;2
4;4;4;4;4;4;4;4;4
1;1;1;1;1;1;1;1;1
10;10;10;10;10;10;10;10;10
4;4;4;4;4;4;4;4;4
16;16;16;16;16;16;16;16;16
1;1;1;1;1;1;1;1;1
3;3;3;3;3;3;3;3;3
14;14;14;14;14;14;14;14;14
2;2;2;2;2;2;2;2;2
3;3;3;3;3;3;3;3;3
1;1;1;1;1;1;1;1;1
1;1;1;1;1;1;1;1;1
7;7;7;7;7;7;7;7;7
2;2;2;2;2;2;2;2;2
2;2;2;2;2;2;2;2;2
2;2;2;2;2;2;2;2;2
2;2;2;2;2;2;2;2;2
2;2;2;2;2;2;2;2;2
1;1;1;1;1;1;1;1;1
11;11;11;11;11;11;11;11;11
2;2;2;2;2;2;2;2;2
3;3;3;3;3;3;3;3;3
1;1;1;1;1;1;1;1;1
1;1;1;1;1;1;1;1;1
1;1;1;1;1;1;1;1;1
3265;3265;3265;3265;3265;3265;3265;3265;3265
8;8;8;8;8;8;8;8;8
83;83;83;83;83;83;83;83;83
30;30;30;30;30;30;30;30;30
1896;1896;1896;1896;1896;1896;1896;1896;1896
3;3;3;3;3;3;3;3;3
1;1;1;1;1;1;1;1;1
418;418;418;418;418;418;418;418;418
1788;1785;1788;1788;1788;1788;1788;1788;1788
1;1;1;1;1;1;1;1;1
2964;2964;2964;2964;2964;2964;2964;2964;2964
2;2;2;2;2;2;2;2;2
1;1;1;1;1;1;1;1;1
1027;1027;1027;1027;1027;1027;1027;1027;1027
1;1;1;1;1;1;1;1;1
91;91;91;91;91;91;91;91;91
49;49;49;49;49;49;49;49;49
1;1;1;1;1;1;1;1;1
166;166;166;166;166;166;166;166;166
147;147;147;147;147;147;147;147;147
2;2;2;2;2;2;2;2;2
10;10;10;10;10;10;10;10;10
7;7;7;7;7;7;7;7;7
1;1;1;1;1;1;1;1;1
2;2;2;2;2;2;2;2;2
3;3;3;3;3;3;3;3;3
2;2;2;2;2;2;2;2;2
20;20;20;20;20;20;20;20;20
1;1;1;1;1;1;1;1;1
1;1;1;1;1;1;1;1;1
9;9;9;9;9;9;9;9;9
1;1;1;1;1;1;1;1;1
1;1;1;1;1;1;1;1;1
9;9;9;9;9;9;9;9;9
5;5;5;5;5;5;5;5;5
7;7;7;7;7;7;7;7;7
6;6;6;6;6;6;6;6;6
9;9;9;9;9;9;9;9;9
7;7;7;7;7;7;7;7;7
3;3;3;3;3;3;3;3;3
12;12;12;12;12;12;12;12;12
7;7;7;7;7;7;7;7;7
17;17;17;17;17;17;17;17;17
1;1;1;1;1;1;1;1;1
5;5;5;5;5;5;5;5;5
4;4;4;4;4;4;4;4;4
4;4;4;4;4;4;4;4;4
3;3;3;3;3;3;3;3;3
6;6;6;6;6;6;6;6;6
6;6;6;6;6;6;6;6;6
5;5;5;5;5;5;5;5;5
4;4;4;4;4;4;4;4;4
1;1;1;1;1;1;1;1;1
3;3;3;3;3;3;3;3;3
1;1;1;1;1;1;1;1;1
2;2;2;2;2;2;2;2;2
3;3;3;3;3;3;3;3;3
9;9;9;9;9;9;9;9;9
5;5;5;5;5;5;5;5;5
2;2;2;2;2;2;2;2;2
10;10;10;10;10;10;10;10;10
3;3;3;3;3;3;3;3;3
2;2;2;2;2;2;2;2;2
1;1;1;1;1;1;1;1;1
58;58;58;58;58;58;58;58;58
23;23;23;23;23;23;23;23;23
3;3;3;3;3;3;3;3;3
2;2;2;2;2;2;2;2;2
21;21;21;21;21;21;21;21;21
13;13;13;13;13;13;13;13;13
7;7;7;7;7;7;7;7;7
1;1;1;1;1;1;1;1;1
135;135;135;135;135;135;135;135;135
1;1;1;1;1;1;1;1;1
29;29;29;29;29;29;29;29;29
1;1;1;1;1;1;1;1;1
37;37;37;37;37;37;37;37;37
1;1;1;1;1;1;1;1;1
13;13;13;13;13;13;13;13;13
11;11;11;11;11;11;11;11;11
43;43;43;43;43;43;43;43;43
1;1;1;1;1;1;1;1;1
1;1;1;1;1;1;1;1;1
19;19;19;19;19;19;19;19;19
2;2;2;2;2;2;2;2;2
20;20;20;20;20;20;20;20;20
1;1;1;1;1;1;1;1;1
9;9;9;9;9;9;9;9;9
2;2;2;2;2;2;2;2;2
70;70;70;70;70;70;70;70;70
18;18;18;18;18;18;18;18;18
3;3;3;3;3;3;3;3;3
31;31;31;31;31;31;31;31;31
11;11;11;11;11;11;11;11;11
31;31;31;31;31;31;31;31;31
56;56;56;56;56;56;56;56;56
1;1;1;1;1;1;1;1;1
17;17;17;17;17;17;17;17;17
3;3;3;3;3;3;3;3;3
6;6;6;6;6;6;6;6;6
2;2;2;2;2;2;2;2;2
104;104;104;104;104;104;104;104;104
6;6;6;6;6;6;6;6;6
1;1;1;1;1;1;1;1;1
1;1;1;1;1;1;1;1;1
2;2;2;2;2;2;2;2;2
4;4;4;4;4;4;4;4;4
1;1;1;1;1;1;1;1;1
3;3;3;3;3;3;3;3;3
11;11;11;11;11;11;11;11;11
10;10;10;10;10;10;10;10;10
1;1;1;1;1;1;1;1;1
8;8;8;8;8;8;8;8;8
3;3;3;3;3;3;3;3;3
4;4;4;4;4;4;4;4;4
56;56;56;56;56;56;56;56;56
1;1;1;1;1;1;1;1;1
1;1;1;1;1;1;1;1;1
10;10;10;10;10;10;10;10;10
3;3;3;3;3;3;3;3;3
22;22;22;22;22;22;22;22;22
1;1;1;1;1;1;1;1;1
5;5;5;5;5;5;5;5;5
11;11;11;11;11;11;11;11;11
2;2;2;2;2;2;2;2;2
3;3;3;3;3;3;3;3;3
66;66;66;66;66;66;66;66;66
3;3;3;3;3;3;3;3;3
3;3;3;3;3;3;3;3;3
1;1;1;1;1;1;1;1;1
4;4;4;4;4;4;4;4;4
3;3;3;3;3;3;3;3;3
33;33;33;33;33;33;33;33;33
1;1;1;1;1;1;1;1;1
23;23;23;23;23;23;23;23;23
1;1;1;1;1;1;1;1;1
1;1;1;1;1;1;1;1;1
13;13;13;13;13;13;13;13;13
1;1;1;1;1;1;1;1;1
32;32;32;32;32;32;32;32;32
10;10;10;10;10;10;10;10;10
4;4;4;4;4;4;4;4;4
11;11;11;11;11;11;11;11;11
1;1;1;1;1;1;1;1;1
4;4;4;4;4;4;4;4;4
5;5;5;5;5;5;5;5;5
25;25;25;25;25;25;25;25;25
2;2;2;2;2;2;2;2;2
11;11;11;11;11;11;11;11;11
65;65;65;65;65;65;65;65;65
19;19;19;19;19;19;19;19;19
13;13;13;13;13;13;13;13;13
9;9;9;9;9;9;9;9;9
1;1;1;1;1;1;1;1;1
1;1;1;1;1;1;1;1;1
1;1;1;1;1;1;1;1;1
1;1;1;1;1;1;1;1;1
1;1;1;1;1;1;1;1;1
1;1;1;1;1;1;1;1;1
24;24;24;24;24;24;24;24;24
2;2;2;2;2;2;2;2;2
3;3;3;3;3;3;3;3;3
4;4;4;4;4;4;4;4;4
13;13;13;13;13;13;13;13;13
1;1;1;1;1;1;1;1;1
1;1;1;1;1;1;1;1;1
1;1;1;1;1;1;1;1;1
14;14;14;14;14;14;14;14;14
9;9;9;9;9;9;9;9;9
1;1;1;1;1;1;1;1;1
13;13;13;13;13;13;13;13;13
14;14;14;14;14;14;14;14;14
3;3;3;3;3;3;3;3;3
22;22;22;22;22;22;22;22;22
18;18;18;18;18;18;18;18;18
11;11;11;11;11;11;11;11;11
13;13;13;13;13;13;13;13;13
9;9;9;9;9;9;9;9;9
13;13;13;13;13;13;13;13;13
1;1;1;1;1;1;1;1;1
13;13;13;13;13;13;13;13;13
15;15;15;15;15;15;15;15;15
13;13;13;13;13;13;13;13;13
7;7;7;7;7;7;7;7;7
7;7;7;7;7;7;7;7;7
15;15;15;15;15;15;15;15;15
2;2;2;2;2;2;2;2;2
2;2;2;2;2;2;2;2;2
1;1;1;1;1;1;1;1;1
3;3;3;3;3;3;3;3;3
8;8;8;8;8;8;8;8;8
6;6;6;6;6;6;6;6;6
9;9;9;9;9;9;9;9;9
1;1;1;1;1;1;1;1;1
2;2;2;2;2;2;2;2;2
22;22;22;22;22;22;22;22;22
1;1;1;1;1;1;1;1;1
17;17;17;17;17;17;17;17;17
1;1;1;1;1;1;1;1;1
2;2;2;2;2;2;2;2;2
21;21;21;21;21;21;21;21;21
3;3;3;3;3;3;3;3;3
7;7;7;7;7;7;7;7;7
4;4;4;4;4;4;4;4;4
1;1;1;1;1;1;1;1;1
15;15;15;15;15;15;15;15;15
1;1;1;1;1;1;1;1;1
7;7;7;7;7;7;7;7;7
1;1;1;1;1;1;1;1;1
40;40;40;40;40;40;40;40;40
8;8;8;8;8;8;8;8;8
7;7;7;7;7;7;7;7;7
30;30;30;30;30;30;30;30;30
5;5;5;5;5;5;5;5;5
3;3;3;3;3;3;3;3;3
15;15;15;15;15;15;15;15;15
3;3;3;3;3;3;3;3;3
2;2;2;2;2;2;2;2;2
2;2;2;2;2;2;2;2;2
7;7;7;7;7;7;7;7;7
1;1;1;1;1;1;1;1;1
2;2;2;2;2;2;2;2;2
1;1;1;1;1;1;1;1;1
2;2;2;2;2;2;2;2;2
1;1;1;1;1;1;1;1;1
1;1;1;1;1;1;1;1;1
1;1;1;1;1;1;1;1;1
1;1;1;1;1;1;1;1;1
1;1;1;1;1;1;1;1;1
1;1;1;1;1;1;1;1;1
1;1;1;1;1;1;1;1;1
1;1;1;1;1;1;1;1;1
1;1;1;1;1;1;1;1;1
10;10;10;10;10;10;10;10;10
3;3;3;3;3;3;3;3;3
1;1;1;1;1;1;1;1;1
5;5;5;5;5;5;5;5;5
26;26;26;26;26;26;26;26;26
1;1;1;1;1;1;1;1;1
1;1;1;1;1;1;1;1;1
2;2;2;2;2;2;2;2;2
4;4;4;4;4;4;4;4;4
1;1;1;1;1;1;1;1;1
3;3;3;3;3;3;3;3;3
1;1;1;1;1;1;1;1;1
2;2;2;2;2;2;2;2;2
1;1;1;1;1;1;1;1;1
7;7;7;7;7;7;7;7;7
3;3;3;3;3;3;3;3;3
4;4;4;4;4;4;4;4;4
6;6;6;6;6;6;6;6;6
1;1;1;1;1;1;1;1;1
4;4;4;4;4;4;4;4;4
3;3;3;3;3;3;3;3;3
2;2;2;2;2;2;2;2;2
1;1;1;1;1;1;1;1;1
5;5;5;5;5;5;5;5;5
2;2;2;2;2;2;2;2;2
4;4;4;4;4;4;4;4;4
45;45;45;45;45;45;45;45;45
98;98;98;98;98;98;98;98;98
1;1;1;1;1;1;1;1;1
7;7;7;7;7;7;7;7;7
4998;4998;4998;4998;4998;4998;4998;4998;4998
1;1;1;1;1;1;1;1;1
1;1;1;1;1;1;1;1;1
262;262;262;262;262;262;262;262;262
64;64;64;64;64;64;64;64;64
1;1;1;1;1;1;1;1;1
14;14;14;14;14;14;14;14;14
1;1;1;1;1;1;1;1;1
34;34;34;34;34;34;34;34;34
15;15;15;15;15;15;15;15;15
6;6;6;6;6;6;6;6;6
126;126;126;126;126;126;126;126;126
32;32;32;32;32;32;32;32;32
6;6;6;6;6;6;6;6;6
90;90;90;90;90;90;90;90;90
21;21;21;21;21;21;21;21;21
21;21;21;21;21;21;21;21;21
44;44;44;44;44;44;44;44;44
1;1;1;1;1;1;1;1;1
7;7;7;7;7;7;7;7;7
25;25;25;25;25;25;25;25;25
9;9;9;9;9;9;9;9;9
12;12;12;12;12;12;12;12;12
87;87;87;87;87;87;87;87;87
24;24;24;24;24;24;24;24;24
6;6;6;6;6;6;6;6;6
67;67;67;67;67;67;67;67;67
35;35;35;35;35;35;35;35;35
14;14;14;14;14;14;14;14;14
55;55;55;55;55;55;55;55;55
1;1;1;1;1;1;1;1;1
11;11;11;11;11;11;11;11;11
2;2;2;2;2;2;2;2;2
5;5;5;5;5;5;5;5;5
6;6;6;6;6;6;6;6;6
106;106;106;106;106;106;106;106;106
1;1;1;1;1;1;1;1;1
10;10;10;10;10;10;10;10;10
8;8;8;8;8;8;8;8;8
20;20;20;20;20;20;20;20;20
1;1;1;1;1;1;1;1;1
3;3;3;3;3;3;3;3;3
12;12;12;12;12;12;12;12;12
3;3;3;3;3;3;3;3;3
5;5;5;5;5;5;5;5;5
5;5;5;5;5;5;5;5;5
2;2;2;2;2;2;2;2;2
67;67;67;67;67;67;67;67;67
1;1;1;1;1;1;1;1;1
15;15;15;15;15;15;15;15;15
2;2;2;2;2;2;2;2;2
51;51;51;51;51;51;51;51;51
12;12;12;12;12;12;12;12;12
1;1;1;1;1;1;1;1;1
5;5;5;5;5;5;5;5;5
1;1;1;1;1;1;1;1;1
953;953;953;953;953;953;953;953;953
49;49;49;49;49;49;49;49;49
57;57;57;57;57;57;57;57;57
10;10;10;10;10;10;10;10;10
75;75;75;75;75;75;75;75;75
20;20;20;20;20;20;20;20;20
7;7;7;7;7;7;7;7;7
177;177;177;177;177;177;177;177;177
104;104;104;104;104;104;104;104;104
1;1;1;1;1;1;1;1;1
150;150;150;150;150;150;150;150;150
1;1;1;1;1;1;1;1;1
300;300;300;300;300;300;300;300;300
1;1;1;1;1;1;1;1;1
103;103;103;103;103;103;103;103;103
54;54;54;54;54;54;54;54;54
1;1;1;1;1;1;1;1;1
29;29;29;29;29;29;29;29;29
34;34;34;34;34;34;34;34;34
5;5;5;5;5;5;5;5;5
66;66;66;66;66;66;66;66;66
14;14;14;14;14;14;14;14;14
7;7;7;7;7;7;7;7;7
77;77;77;77;77;77;77;77;77
80;80;80;80;80;80;80;80;80
4;4;4;4;4;4;4;4;4
12;12;12;12;12;12;12;12;12
178;178;178;178;178;178;178;178;178
1;1;1;1;1;1;1;1;1
9;9;9;9;9;9;9;9;9
73;73;73;73;73;73;73;73;73
31;31;31;31;31;31;31;31;31
2;2;2;2;2;2;2;2;2
1;1;1;1;1;1;1;1;1
91;91;91;91;91;91;91;91;91
29;29;29;29;29;29;29;29;29
60;60;60;60;60;60;60;60;60
1;1;1;1;1;1;1;1;1
81;81;81;81;81;81;81;81;81
5;5;5;5;5;5;5;5;5
22;22;22;22;22;22;22;22;22
232;232;232;232;232;232;232;232;232
5;5;5;5;5;5;5;5;5
29;29;29;29;29;29;29;29;29
4;4;4;4;4;4;4;4;4
241;241;241;241;241;241;241;241;241
1;1;1;1;1;1;1;1;1
251;251;251;251;251;251;251;251;251
2;2;2;2;2;2;2;2;2
35;35;35;35;35;35;35;35;35
13;13;13;13;13;13;13;13;13
40;40;40;40;40;40;40;40;40
2;2;2;2;2;2;2;2;2
1;1;1;1;1;1;1;1;1
20;20;20;20;20;20;20;20;20
21;21;21;21;21;21;21;21;21
5;5;5;5;5;5;5;5;5
41;41;41;41;41;41;41;41;41
6;6;6;6;6;6;6;6;6
4;4;4;4;4;4;4;4;4
779;779;779;779;779;779;779;779;779
1;1;1;1;1;1;1;1;1
105;105;105;105;105;105;105;105;105
1;1;1;1;1;1;1;1;1
69;69;69;69;69;69;69;69;69
612;612;612;612;612;612;612;612;612
1;1;1;1;1;1;1;1;1
98;98;98;98;98;98;98;98;98
43;43;43;43;43;43;43;43;43
2;2;2;2;2;2;2;2;2
1;1;1;1;1;1;1;1;1
2;2;2;2;2;2;2;2;2
1;1;1;1;1;1;1;1;1
39;39;39;39;39;39;39;39;39
17;17;17;17;17;17;17;17;17
51;51;51;51;51;51;51;51;51
68;68;68;68;68;68;68;68;68
1;1;1;1;1;1;1;1;1
3;3;3;3;3;3;3;3;3
14;14;14;14;14;14;14;14;14
202;202;202;202;202;202;202;202;202
60;60;60;60;60;60;60;60;60
446;446;446;446;446;446;446;446;446
1;1;1;1;1;1;1;1;1
376;376;376;376;376;376;376;376;376
49;49;49;49;49;49;49;49;49
65;65;65;65;65;65;65;65;65
15;15;15;15;15;15;15;15;15
16;16;16;16;16;16;16;16;16
9;9;9;9;9;9;9;9;9
7;7;7;7;7;7;7;7;7
2;2;2;2;2;2;2;2;2
62;62;62;62;62;62;62;62;62
37;37;37;37;37;37;37;37;37
8;8;8;8;8;8;8;8;8
35;35;35;35;35;35;35;35;35
24;24;24;24;24;24;24;24;24
12;12;12;12;12;12;12;12;12
8;8;8;8;8;8;8;8;8
10;10;10;10;10;10;10;10;10
1;1;1;1;1;1;1;1;1
11;11;11;11;11;11;11;11;11
3;3;3;3;3;3;3;3;3
4;4;4;4;4;4;4;4;4
35;35;35;35;35;35;35;35;35
22;22;22;22;22;22;22;22;22
5;5;5;5;5;5;5;5;5
17;17;17;17;17;17;17;17;17
20;20;20;20;20;20;20;20;20
13;13;13;13;13;13;13;13;13
22;22;22;22;22;22;22;22;22
4;4;4;4;4;4;4;4;4
1;1;1;1;1;1;1;1;1
2;2;2;2;2;2;2;2;2
24;24;24;24;24;24;24;24;24
1;1;1;1;1;1;1;1;1
2;2;2;2;2;2;2;2;2
13;13;13;13;13;13;13;13;13
6;6;6;6;6;6;6;6;6
9;9;9;9;9;9;9;9;9
1;1;1;1;1;1;1;1;1
7;7;7;7;7;7;7;7;7
3;3;3;3;3;3;3;3;3
1;1;1;1;1;1;1;1;1
46;46;46;46;46;46;46;46;46
1;1;1;1;1;1;1;1;1
24;24;24;24;24;24;24;24;24
4;4;4;4;4;4;4;4;4
52;52;52;52;52;52;52;52;52
13;13;13;13;13;13;13;13;13
10;10;10;10;10;10;10;10;10
1;1;1;1;1;1;1;1;1
2;2;2;2;2;2;2;2;2
123;123;123;123;123;123;123;123;123
1;1;1;1;1;1;1;1;1
2970;2970;2970;2970;2970;2970;2970;2970;2970
2;2;2;2;2;2;2;2;2
3;3;3;3;3;3;3;3;3
1;1;1;1;1;1;1;1;1
1;1;1;1;1;1;1;1;1
8;8;8;8;8;8;8;8;8
32;32;32;32;32;32;32;32;32
2;2;2;2;2;2;2;2;2
9;9;9;9;9;9;9;9;9
5;5;5;5;5;5;5;5;5
4;4;4;4;4;4;4;4;4
1;1;1;1;1;1;1;1;1
1;1;1;1;1;1;1;1;1
3;3;3;3;3;3;3;3;3
2;2;2;2;2;2;2;2;2
9;9;9;9;9;9;9;9;9
11;11;11;11;11;11;11;11;11
9;9;9;9;9;9;9;9;9
1;1;1;1;1;1;1;1;1
7;7;7;7;7;7;7;7;7
1;1;1;1;1;1;1;1;1
9;9;9;9;9;9;9;9;9
13;13;13;13;13;13;13;13;13
2;2;2;2;2;2;2;2;2
4;4;4;4;4;4;4;4;4
3;3;3;3;3;3;3;3;3
1;1;1;1;1;1;1;1;1
4;4;4;4;4;4;4;4;4
1;1;1;1;1;1;1;1;1
1;1;1;1;1;1;1;1;1
1;1;1;1;1;1;1;1;1
1;1;1;1;1;1;1;1;1
1;1;1;1;1;1;1;1;1
21;21;21;21;21;21;21;21;21
4;4;4;4;4;4;4;4;4
1;1;1;1;1;1;1;1;1
2;2;2;2;2;2;2;2;2
7;7;7;7;7;7;7;7;7
1;1;1;1;1;1;1;1;1
3;3;3;3;3;3;3;3;3
1;1;1;1;1;1;1;1;1
1;1;1;1;1;1;1;1;1
1;1;1;1;1;1;1;1;1
96;96;96;96;96;96;96;96;96
15;15;15;15;15;15;15;15;15
5;5;5;5;5;5;5;5;5
9;9;9;9;9;9;9;9;9
1;1;1;1;1;1;1;1;1
1;1;1;1;1;1;1;1;1
4;4;4;4;4;4;4;4;4
484;484;484;484;484;484;484;484;484
8;8;8;8;8;8;8;8;8
597;597;597;597;597;597;597;597;597
3;3;3;3;3;3;3;3;3
9;9;9;9;9;9;9;9;9
55;55;55;55;55;55;55;55;55
519;519;519;519;519;519;519;519;519
1;1;1;1;1;1;1;1;1
3;3;3;3;3;3;3;3;3
200;200;200;200;200;200;200;200;200
2;2;2;2;2;2;2;2;2
8;8;8;8;8;8;8;8;8
134;134;134;134;134;134;134;134;134
1;1;1;1;1;1;1;1;1
1;1;1;1;1;1;1;1;1
1759;1759;1759;1759;1759;1759;1759;1759;1759
1;1;1;1;1;1;1;1;1
588;588;588;588;588;588;588;588;588
1608;1608;1608;1608;1608;1608;1608;1608;1608
3;3;3;3;3;3;3;3;3
133;133;133;133;133;133;133;133;133
1;1;1;1;1;1;1;1;1
194;194;194;194;194;194;194;194;194
2;2;2;2;2;2;2;2;2
48;48;48;48;48;48;48;48;48
1695;1695;1695;1695;1695;1695;1695;1695;1695
3;3;3;3;3;3;3;3;3
95;95;95;95;95;95;95;95;95
8;8;8;8;8;8;8;8;8
896;896;896;896;896;896;896;896;896
1;1;1;1;1;1;1;1;1
85;85;85;85;85;85;85;85;85
1;1;1;1;1;1;1;1;1
484;484;484;484;484;484;484;484;484
1;1;1;1;1;1;1;1;1
28;28;28;28;28;28;28;28;28
1;1;1;1;1;1;1;1;1
365;365;365;365;365;365;365;365;365
8;8;8;8;8;8;8;8;8
515;515;515;515;515;515;515;515;515
1;1;1;1;1;1;1;1;1
34;34;34;34;34;34;34;34;34
423;423;423;423;423;423;423;423;423
172;172;172;172;172;172;172;172;172
2;2;2;2;2;2;2;2;2
126;126;126;126;126;126;126;126;126
1074;1074;1074;1074;1074;1074;1074;1074;1074
1;1;1;1;1;1;1;1;1
135;135;135;135;135;135;135;135;135
1314;1314;1314;1314;1314;1314;1314;1314;1314
2;2;2;2;2;2;2;2;2
102;102;102;102;102;102;102;102;102
1;1;1;1;1;1;1;1;1
105;105;105;105;105;105;105;105;105
9;9;9;9;9;9;9;9;9
1372;1372;1372;1372;1372;1372;1372;1372;1372
1;1;1;1;1;1;1;1;1
36;36;36;36;36;36;36;36;36
815;815;815;815;815;815;815;815;815
108;108;108;108;108;108;108;108;108
515;515;515;515;515;515;515;515;515
1;1;1;1;1;1;1;1;1
13;13;13;13;13;13;13;13;13
352;352;352;352;352;352;352;352;352
1;1;1;1;1;1;1;1;1
39;39;39;39;39;39;39;39;39
278;278;278;278;278;278;278;278;278
1;1;1;1;1;1;1;1;1
38;38;38;38;38;38;38;38;38
60;60;60;60;60;60;60;60;60
13;13;13;13;13;13;13;13;13
1;1;1;1;1;1;1;1;1
104;104;104;104;104;104;104;104;104
10;10;10;10;10;10;10;10;10
1;1;1;1;1;1;1;1;1
11;11;11;11;11;11;11;11;11
74;74;74;74;74;74;74;74;74
1;1;1;1;1;1;1;1;1
10;10;10;10;10;10;10;10;10
1;1;1;1;1;1;1;1;1
723;723;723;723;723;723;723;723;723
1;1;1;1;1;1;1;1;1
1563;1563;1563;1563;1563;1563;1563;1563;1563
3;3;3;3;3;3;3;3;3
3;3;3;3;3;3;3;3;3
182;182;182;182;182;182;182;182;182
229;229;229;229;229;229;229;229;229
1;1;1;1;1;1;1;1;1
72;72;72;72;72;72;72;72;72
99;99;99;99;99;99;99;99;99
207;207;207;207;207;207;207;207;207
225;225;225;225;225;225;225;225;225
8;8;8;8;8;8;8;8;8
23;23;23;23;23;23;23;23;23
13;13;13;13;13;13;13;13;13
15;15;15;15;15;15;15;15;15
182;182;182;182;182;182;182;182;182
123;123;123;123;123;123;123;123;123
147;147;147;147;147;147;147;147;147
1;1;1;1;1;1;1;1;1
4;4;4;4;4;4;4;4;4
174;174;174;174;174;174;174;174;174
16;16;16;16;16;16;16;16;16
207;207;207;207;207;207;207;207;207
71;71;71;71;71;71;71;71;71
1;1;1;1;1;1;1;1;1
61;61;61;61;61;61;61;61;61
758;758;758;758;758;758;758;758;758
1;1;1;1;1;1;1;1;1
83;83;83;83;83;83;83;83;83
782;782;782;782;782;782;782;782;782
81;81;81;81;81;81;81;81;81
86;86;86;86;86;86;86;86;86
1;1;1;1;1;1;1;1;1
3;3;3;3;3;3;3;3;3
774;774;774;774;774;774;774;774;774
3;3;3;3;3;3;3;3;3
26;26;26;26;26;26;26;26;26
430;430;430;430;430;430;430;430;430
1;1;1;1;1;1;1;1;1
54;54;54;54;54;54;54;54;54
242;242;242;242;242;242;242;242;242
13;13;13;13;13;13;13;13;13
10;10;10;10;10;10;10;10;10
170;170;170;170;170;170;170;170;170
5;5;5;5;5;5;5;5;5
10;10;10;10;10;10;10;10;10
15;15;15;15;15;15;15;15;15
3;3;3;3;3;3;3;3;3
16;16;16;16;16;16;16;16;16
1;1;1;1;1;1;1;1;1
3;3;3;3;3;3;3;3;3
1;1;1;1;1;1;1;1;1
5;5;5;5;5;5;5;5;5
1;1;1;1;1;1;1;1;1
1;1;1;1;1;1;1;1;1
2;2;2;2;2;2;2;2;2
12;12;12;12;12;12;12;12;12
4;4;4;4;4;4;4;4;4
1;1;1;1;1;1;1;1;1
1;1;1;1;1;1;1;1;1
3;3;3;3;3;3;3;3;3
1;1;1;1;1;1;1;1;1
6;6;6;6;6;6;6;6;6
11;11;11;11;11;11;11;11;11
8;8;8;8;8;8;8;8;8
4;4;4;4;4;4;4;4;4
10;10;10;10;10;10;10;10;10
2;2;2;2;2;2;2;2;2
1;1;1;1;1;1;1;1;1
1912;1912;1912;1912;1912;1912;1912;1912;1912
1;1;1;1;1;1;1;1;1
13;13;13;13;13;13;13;13;13
1;1;1;1;1;1;1;1;1
1;1;1;1;1;1;1;1;1
17;17;17;17;17;17;17;17;17
2;2;2;2;2;2;2;2;2
2;2;2;2;2;2;2;2;2
1;1;1;1;1;1;1;1;1
21;21;21;21;21;21;21;21;21
4;4;4;4;4;4;4;4;4
16;16;16;16;16;16;16;16;16
5;5;5;5;5;5;5;5;5
6;6;6;6;6;6;6;6;6
2;2;2;2;2;2;2;2;2
137;137;137;137;137;137;137;137;137
16;16;16;16;16;16;16;16;16
4;4;4;4;4;4;4;4;4
16;16;16;16;16;16;16;16;16
1;1;1;1;1;1;1;1;1
635;635;635;635;635;635;635;635;635
4;4;4;4;4;4;4;4;4
615;615;615;615;615;615;615;615;615
2;2;2;2;2;2;2;2;2
9;9;9;9;9;9;9;9;9
52;52;52;52;52;52;52;52;52
57;57;57;57;57;57;57;57;57
8;8;8;8;8;8;8;8;8
22;22;22;22;22;22;22;22;22
3;3;3;3;3;3;3;3;3
2;2;2;2;2;2;2;2;2
77;77;77;77;77;77;77;77;77
1;1;1;1;1;1;1;1;1
9;9;9;9;9;9;9;9;9
107;107;107;107;107;107;107;107;107
1;1;1;1;1;1;1;1;1
24;24;24;24;24;24;24;24;24
39;39;39;39;39;39;39;39;39
3;3;3;3;3;3;3;3;3
341;341;341;341;341;341;341;341;341
40;40;40;40;40;40;40;40;40
324;324;324;324;324;324;324;324;324
25;25;25;25;25;25;25;25;25
1;1;1;1;1;1;1;1;1
107;107;107;107;107;107;107;107;107
8;8;8;8;8;8;8;8;8
449;449;449;449;449;449;449;449;449
4;4;4;4;4;4;4;4;4
40;40;40;40;40;40;40;40;40
1821;1821;1821;1821;1821;1821;1821;1821;1821
88;88;88;88;88;88;88;88;88
188;188;188;188;188;188;188;188;188
25;25;25;25;25;25;25;25;25
1655;1655;1655;1655;1655;1655;1655;1655;1655
2;2;2;2;2;2;2;2;2
170;170;170;170;170;170;170;170;170
1;1;1;1;1;1;1;1;1
1;1;1;1;1;1;1;1;1
1;1;1;1;1;1;1;1;1
1;1;1;1;1;1;1;1;1
8;8;8;8;8;8;8;8;8
3;3;3;3;3;3;3;3;3
8;8;8;8;8;8;8;8;8
2;2;2;2;2;2;2;2;2
3;3;3;3;3;3;3;3;3
23;23;23;23;23;23;23;23;23
6;6;6;6;6;6;6;6;6
95;95;95;95;95;95;95;95;95
3;3;3;3;3;3;3;3;3
1;1;1;1;1;1;1;1;1
15;15;15;15;15;15;15;15;15
2;2;2;2;2;2;2;2;2
1;1;1;1;1;1;1;1;1
1;1;1;1;1;1;1;1;1
1;1;1;1;1;1;1;1;1
119;119;119;119;119;119;119;119;119
2;2;2;2;2;2;2;2;2
8;8;8;8;8;8;8;8;8
75;75;75;75;75;75;75;75;75
2;2;2;2;2;2;2;2;2
2;2;2;2;2;2;2;2;2
325;325;325;325;325;325;325;325;325
2;2;2;2;2;2;2;2;2
15;15;15;15;15;15;15;15;15
44;44;44;44;44;44;44;44;44
1;1;1;1;1;1;1;1;1
29;29;29;29;29;29;29;29;29
1;1;1;1;1;1;1;1;1
2;2;2;2;2;2;2;2;2
393;393;393;393;393;393;393;393;393
1;1;1;1;1;1;1;1;1
20;20;20;20;20;20;20;20;20
452;452;452;452;452;452;452;452;452
48;48;48;48;48;48;48;48;48
9;9;9;9;9;9;9;9;9
1;1;1;1;1;1;1;1;1
13;13;13;13;13;13;13;13;13
2;2;2;2;2;2;2;2;2
2;2;2;2;2;2;2;2;2
1278;1278;1278;1278;1278;1278;1278;1278;1278
51;51;51;51;51;51;51;51;51
274;274;274;274;274;274;274;274;274
9;9;9;9;9;9;9;9;9
1822;1822;1822;1822;1822;1822;1822;1822;1822
1;1;1;1;1;1;1;1;1
68;68;68;68;68;68;68;68;68
360;360;360;360;360;360;360;360;360
3;3;3;3;3;3;3;3;3
35;35;35;35;35;35;35;35;35
90;90;90;90;90;90;90;90;90
13;13;13;13;13;13;13;13;13
1;1;1;1;1;1;1;1;1
2;2;2;2;2;2;2;2;2
9;9;9;9;9;9;9;9;9
4;4;4;4;4;4;4;4;4
1;1;1;1;1;1;1;1;1
2;2;2;2;2;2;2;2;2
190;190;190;190;190;190;190;190;190
8;8;8;8;8;8;8;8;8
120;120;120;120;120;120;120;120;120
1;1;1;1;1;1;1;1;1
12;12;12;12;12;12;12;12;12
291;291;291;291;291;291;291;291;291
20;20;20;20;20;20;20;20;20
59;59;59;59;59;59;59;59;59
1;1;1;1;1;1;1;1;1
31;31;31;31;31;31;31;31;31
1;1;1;1;1;1;1;1;1
1;1;1;1;1;1;1;1;1
201;201;201;201;201;201;201;201;201
41;41;41;41;41;41;41;41;41
259;259;259;259;259;259;259;259;259
65;65;65;65;65;65;65;65;65
9;9;9;9;9;9;9;9;9
2;2;2;2;2;2;2;2;2
4;4;4;4;4;4;4;4;4
3;3;3;3;3;3;3;3;3
1;1;1;1;1;1;1;1;1
1;1;1;1;1;1;1;1;1
789;789;789;789;789;789;789;789;789
96;96;96;96;96;96;96;96;96
302;302;302;302;302;302;302;302;302
19;19;19;19;19;19;19;19;19
1008;1008;1008;1008;1008;1008;1008;1008;1008
2;2;2;2;2;2;2;2;2
110;110;110;110;110;110;110;110;110
1;1;1;1;1;1;1;1;1
441;441;441;441;441;441;441;441;441
69;69;69;69;69;69;69;69;69
2;2;2;2;2;2;2;2;2
2;2;2;2;2;2;2;2;2
2;2;2;2;2;2;2;2;2
2;2;2;2;2;2;2;2;2
2;2;2;2;2;2;2;2;2
18;18;18;18;18;18;18;18;18
3;3;3;3;3;3;3;3;3
8;8;8;8;8;8;8;8;8
1;1;1;1;1;1;1;1;1
13;13;13;13;13;13;13;13;13
5;5;5;5;5;5;5;5;5
12;12;12;12;12;12;12;12;12
8;8;8;8;8;8;8;8;8
3;3;3;3;3;3;3;3;3
1;1;1;1;1;1;1;1;1
64;64;64;64;64;64;64;64;64
11;11;11;11;11;11;11;11;11
15;15;15;15;15;15;15;15;15
4;4;4;4;4;4;4;4;4
12;12;12;12;12;12;12;12;12
1;1;1;1;1;1;1;1;1
55;55;55;55;55;55;55;55;55
1;1;1;1;1;1;1;1;1
3;3;3;3;3;3;3;3;3
94;94;94;94;94;94;94;94;94
1;1;1;1;1;1;1;1;1
10;10;10;10;10;10;10;10;10
4;4;4;4;4;4;4;4;4
19;19;19;19;19;19;19;19;19
8;8;8;8;8;8;8;8;8
1;1;1;1;1;1;1;1;1
37;37;37;37;37;37;37;37;37
22;22;22;22;22;22;22;22;22
3;3;3;3;3;3;3;3;3
1;1;1;1;1;1;1;1;1
4;4;4;4;4;4;4;4;4
1;1;1;1;1;1;1;1;1
1;1;1;1;1;1;1;1;1
403;403;403;403;403;403;403;403;403
1;1;1;1;1;1;1;1;1
185;185;185;185;185;185;185;185;185
16643;16643;16643;16643;16643;16643;16643;16643;16643
2136;2136;2136;2136;2136;2136;2136;2136;2136
1;1;1;1;1;1;1;1;0
2;2;2;2;2;2;2;2;0
1;1;1;1;1;1;1;1;0
1;1;1;1;1;1;1;1;0
1;1;1;1;1;1;1;1;0
1;1;1;1;1;1;1;1;0
1;1;1;1;1;1;1;1;0
1;1;1;1;1;1;1;1;0
1;1;1;1;1;1;1;1;0
1;1;1;1;1;1;1;1;0
1;1;1;1;1;1;1;1;0
1;1;1;1;1;1;1;1;0
1;1;1;1;1;1;1;1;0
2;2;2;2;2;2;2;2;0
1;1;1;1;1;1;1;1;0
1;1;1;1;1;1;1;1;0
1;1;1;1;1;1;1;1;0
1;1;1;1;1;1;1;1;0
1;1;1;1;1;1;1;1;0
1;1;1;1;1;1;1;1;0
1;1;1;1;1;1;1;1;0
1;1;1;1;1;1;1;1;0
1;1;1;1;1;1;1;1;0
1;1;1;1;1;1;1;1;0
1;1;1;1;1;1;1;1;0
1;1;1;1;1;1;1;1;0
2;2;2;2;2;2;2;2;0
1;1;1;1;1;1;1;1;0
1;1;1;1;1;1;1;1;0
1;1;1;1;1;1;1;1;0
1;1;1;1;1;1;1;1;0
1;1;1;1;1;1;1;1;0
1;1;1;1;1;1;1;1;0
1;1;1;1;1;1;1;1;0
1;1;1;1;1;1;1;1;0
1;1;1;1;1;1;1;1;0
1;1;1;1;1;1;1;1;0
1;1;1;1;1;1;1;1;0
1;1;1;1;1;1;1;1;0
1;1;1;1;1;1;1;1;0
2;2;2;2;2;2;2;2;0
1;1;1;1;1;1;1;1;0
1;1;1;1;1;1;1;1;0
1;1;1;1;1;1;1;1;0
2;2;2;2;2;2;2;2;0
1;1;1;1;1;1;1;1;0
1;1;1;1;1;1;1;1;0
1;1;1;1;1;1;1;1;0
1;1;1;1;1;1;1;1;0
1;1;1;1;1;1;1;1;0
2;2;2;2;2;2;2;2;0
1;1;1;1;1;1;1;1;0
3;3;3;3;3;3;3;3;0
2;2;2;2;2;2;2;2;0
1;1;1;1;1;1;1;1;0
1;1;1;1;1;1;1;1;0
2;2;2;2;2;2;2;2;0
1;1;1;1;1;1;1;1;0
1;1;1;1;1;1;1;1;0
1;1;1;1;1;1;1;1;0
1;1;1;1;1;1;1;1;0
1;1;1;1;1;1;1;1;0
1;1;1;1;1;1;1;1;0
1;1;1;1;1;1;1;1;0
1;1;1;1;1;1;1;1;0
4;4;4;4;4;4;4;4;0
1;1;1;1;1;1;1;1;0
1;1;1;1;1;1;1;1;0
3;3;3;3;3;3;3;3;0
1;1;1;1;1;1;1;1;0
2;2;2;2;2;2;2;2;0
1;1;1;1;1;1;1;1;0
3;3;3;3;3;3;3;3;0
1;1;1;1;1;1;1;1;0
1;1;1;1;1;1;1;1;0
4;4;4;4;4;4;4;4;0
3;3;3;3;3;3;3;3;0
1;1;1;1;1;1;1;1;0
3;3;3;3;3;3;3;3;0
4;4;4;4;4;4;4;4;0
1;1;1;1;1;1;1;1;0
2;2;2;2;2;2;2;2;0
2;2;2;2;2;2;2;2;0
1;1;1;1;1;1;1;1;0
1;1;1;1;1;1;1;1;0
1;1;1;1;1;1;1;1;0
2;2;2;2;2;2;2;2;0
2;2;2;2;2;2;2;2;0
1;1;1;1;1;1;1;1;0
4;4;4;4;4;4;4;4;0
5;5;5;5;5;5;5;5;0
1;1;1;1;1;1;1;1;0
1;1;1;1;1;1;1;1;0
1;1;1;1;1;1;1;1;0
1;1;1;1;1;1;1;1;0
1;1;1;1;1;1;1;1;0
1;1;1;1;1;1;1;1;0
4;4;4;4;4;4;4;4;0
4;4;4;4;4;4;4;4;0
1;1;1;1;1;1;1;1;0
2;2;2;2;2;2;2;2;0
1;1;1;1;1;1;1;1;0
3;3;3;3;3;3;3;3;0
1;1;1;1;1;1;1;1;0
7;7;7;7;7;7;7;7;0
6;6;6;6;6;6;6;6;0
1;1;1;1;1;1;1;1;0
3;3;3;3;3;3;3;3;0
1;1;1;1;1;1;1;1;0
2;2;2;2;2;2;2;2;0
2;2;2;2;2;2;2;2;0
1;1;1;1;1;1;1;1;0
3;3;3;3;3;3;3;3;0
1;1;1;1;1;1;1;1;0
2;2;2;2;2;2;2;2;0
1;1;1;1;1;1;1;1;0
1;1;1;1;1;1;1;1;0
1;1;1;1;1;1;1;1;0
1;1;1;1;1;1;1;1;0
8;8;8;8;8;8;8;8;0
1;1;1;1;1;1;1;1;0
2;2;2;2;2;2;2;2;0
1;1;1;1;1;1;1;1;0
2;2;2;2;2;2;2;2;0
1;1;1;1;1;1;1;1;0
7;7;7;7;7;7;7;7;0
1;1;1;1;1;1;1;1;0
1;1;1;1;1;1;1;1;0
1;1;1;1;1;1;1;1;0
4;4;4;4;4;4;4;4;0
2;2;2;2;2;2;2;2;0
1;1;1;1;1;1;1;1;0
1;1;1;1;1;1;1;1;0
1;1;1;1;1;1;1;1;0
1;1;1;1;1;1;1;1;0
1;1;1;1;1;1;1;1;0
1;1;1;1;1;1;1;1;0
1;1;1;1;1;1;1;1;0
1;1;1;1;1;1;1;1;0
1;1;1;1;1;1;1;1;0
1;1;1;1;1;1;1;1;0
1;1;1;1;1;1;1;1;0
2;2;2;2;2;2;2;2;0
1;1;1;1;1;1;1;1;0
2;2;2;2;2;2;2;2;0
1;1;1;1;1;1;1;1;0
1;1;1;1;1;1;1;1;0
1;1;1;1;1;1;1;1;0
1;1;1;1;1;1;1;1;0
1;1;1;1;1;1;1;1;0
1;1;1;1;1;1;1;1;0
1;1;1;1;1;1;1;1;0
1;1;1;1;1;1;1;1;0
1;1;1;1;1;1;1;1;0
1;1;1;1;1;1;1;1;0
1;1;1;1;1;1;1;1;0
1;1;1;1;1;1;1;1;0
3;3;3;3;3;3;3;3;0
1;1;1;1;1;1;1;1;0
1;1;1;1;1;1;1;1;0
1;1;1;1;1;1;1;1;0
1;1;1;1;1;1;1;1;0
1;1;1;1;1;1;1;1;0
1;1;1;1;1;1;1;1;0
2;2;2;2;2;2;2;2;0
1;1;1;1;1;1;1;1;0
1;1;1;1;1;1;1;1;0
1;1;1;1;1;1;1;1;0
2;2;2;2;2;2;2;2;0
1;1;1;1;1;1;1;1;0
1;1;1;1;1;1;1;1;0
2;2;2;2;2;2;2;2;0
1;1;1;1;1;1;1;1;0
1;1;1;1;1;1;1;1;0
1;1;1;1;1;1;1;1;0
1;1;1;1;1;1;1;1;0
1;1;1;1;1;1;1;1;0
1;1;1;1;1;1;1;1;0
1;1;1;1;1;1;1;1;0
1;1;1;1;1;1;1;1;0
1;1;1;1;1;1;1;1;0
2;2;2;2;2;2;2;2;0
1;1;1;1;1;1;1;1;0
1;1;1;1;1;1;1;1;0
2;2;2;2;2;2;2;2;0
1;1;1;1;1;1;1;1;0
1;1;1;1;1;1;1;1;0
1;1;1;1;1;1;1;1;0
1;1;1;1;1;1;1;1;0
1;1;1;1;1;1;1;1;0
1;1;1;1;1;1;1;1;0
1;1;1;1;1;1;1;1;0
1;1;1;1;1;1;1;1;0
1;1;1;1;1;1;1;1;0
1;1;1;1;1;1;1;1;0
1;1;1;1;1;1;1;1;0
1;1;1;1;1;1;1;1;0
1;1;1;1;1;1;1;1;0
1;1;1;1;1;1;1;1;0
1;1;1;1;1;1;1;1;0
1;1;1;1;1;1;1;1;0
1;1;1;1;1;1;1;1;0
1;1;1;1;1;1;1;1;0
1;1;1;1;1;1;1;1;0
1;1;1;1;1;1;1;1;0
1;1;1;1;1;1;1;1;0
1;1;1;1;1;1;1;1;0
1;1;1;1;1;1;1;1;0
1;1;1;1;1;1;1;1;0
1;1;1;1;1;1;1;1;0
1;1;1;1;1;1;1;1;0
1;1;1;1;1;1;1;1;0
1;1;1;1;1;1;1;1;0
1;1;1;1;1;1;1;1;0
1;1;1;1;1;1;1;1;0
1;1;1;1;1;1;1;1;0
1;1;1;1;1;1;1;1;0
1;1;1;1;1;1;1;1;0
1;1;1;1;1;1;1;1;0
1;1;1;1;1;1;1;1;0
1;1;1;1;1;1;1;1;0
1;1;1;1;1;1;1;1;0
1;1;1;1;1;1;1;1;0
1;1;1;1;1;1;1;1;0
1;1;1;1;1;1;1;1;0
1;1;1;1;1;1;1;1;0
1;1;1;1;1;1;1;1;0
1;1;1;1;1;1;1;1;0
1;1;1;1;1;1;1;1;0
1;1;1;1;1;1;1;1;0
1;1;1;1;1;1;1;1;0
1;1;1;1;1;1;1;1;0
1;1;1;1;1;1;1;1;0
1;1;1;1;1;1;1;1;0
1;1;1;1;1;1;1;1;0
1;1;1;1;1;1;1;1;0
1;1;1;1;1;1;1;1;0
1;1;1;1;1;1;1;1;0
1;1;1;1;1;1;1;1;0
1;1;1;1;1;1;1;1;0
1;1;1;1;1;1;1;1;0
